old_url,new_url
/administration,/administer
/administration/api-token,/administer/api-token
/administration/entity-page-layout,/administer/ui-configuration/entity-page-layout
/administration/feature-flags,/administer/feature-flags
/administration/permissions,/administer/users-and-roles/permissions
/administration/roles,/administer/users-and-roles/roles
/administration/roles/assign-roles,/administer/users-and-roles/assign-roles
/administration/roles/claims,/administer/users-and-roles/claims
/administration/roles/process-role-requests,/administer/users-and-roles/process-role-requests
/administration/side-navigation-menu,/administer/ui-configuration/side-navigation-menu
/administration/user-access,/administer/users-and-roles/user-access
/administration/user-access/data-access,/administer/users-and-roles/data-access
/administration/user-access/feature-access,/administer/users-and-roles/feature-access
/administration/user-interface,/administer/ui-configuration/user-interface
/administration/user-management,/administer/users-and-roles/user-management
/centralised-master-data-management,/solutions/use-cases/centralised-master-data-management
/consume,/publish
/consume/configuration-search-relevance,/archive/unsupported-features/configuration-search-relevance
/consume/data-marts,/archive/unsupported-features/data-marts
/consume/export-targets,/publish/export-targets
/consume/export-targets/adl-connector,/publish/export-targets/adl-connector
/consume/export-targets/azure-dedicated-sql-pool-connector,/publish/export-targets/azure-dedicated-sql-pool-connector
/consume/export-targets/azure-event-hub-connector,/publish/export-targets/azure-event-hub-connector
/consume/export-targets/azure-service-bus-connector,/publish/export-targets/azure-service-bus-connector
/consume/export-targets/connector-reference,/publish/export-targets/connector-reference
/consume/export-targets/create-service-principal,/publish/export-targets/create-service-principal
/consume/export-targets/dataverse-connector,/publish/export-targets/dataverse-connector
/consume/export-targets/dataverse-connector-v2,/publish/export-targets/dataverse-connector-v2
/consume/export-targets/file-name-patterns,/publish/export-targets/file-name-patterns
/consume/export-targets/http-connector,/publish/export-targets/http-connector
/consume/export-targets/onelake-connector,/publish/export-targets/onelake-connector
/consume/export-targets/openmirroring-connector,/publish/export-targets/openmirroring-connector
/consume/export-targets/sql-server-connector,/publish/export-targets/sql-server-connector
/consume/graphql,/publish/graphql
/consume/graphql/add-graphql-entity-type-resolvers,/publish/graphql/add-graphql-entity-type-resolvers
/consume/graphql/graphql-actions,/publish/graphql/graphql-actions
/consume/outgoing-streams,/archive/unsupported-features/outgoing-streams
/consume/rest-api,/archive/unsupported-features/rest-api
/consume/running-searches,/archive/unsupported-features/running-searches
/consume/streams,/publish/streams
/consume/streams/concept-of-a-stream,/publish/streams/concept-of-a-stream
/consume/streams/create-a-stream,/publish/streams/create-a-stream
/consume/streams/manage-streams,/publish/streams/manage-streams
/consume/streams/stream-logs,/publish/streams/stream-logs
/consume/streams/stream-reference,/publish/streams/stream-reference
/crawling/crawler-validation-framework,/develop/integrations/crawler-validation-framework
/crawling/using-agents,/ingest/connectors/using-agents
/customer-acceleration-case,/solutions/use-cases/customer-acceleration-case
/customer360,/solutions/use-cases/customer360
/data-analytics-use-case,/solutions/use-cases/data-analytics-use-case
/data-quality-use-case,/solutions/use-cases/data-quality-use-case
/deployment,/operate
/deployment/architecture,/operate/architecture
/deployment/azure-marketplace,/operate/deployment-options/azure-marketplace
/deployment/azure-marketplace/step-1,/operate/azure-marketplace/step-1
/deployment/azure-marketplace/step-2,/operate/azure-marketplace/step-2
/deployment/azure-marketplace/step-3,/operate/azure-marketplace/step-3
/deployment/azure-marketplace/step-4,/operate/azure-marketplace/step-4
/deployment/azure-policy-exemption,/operate/deployment-options/azure-policy-exemption
/deployment/azure/aks,/operate/azure/aks
/deployment/azure/certificate,/operate/azure/certificate
/deployment/azure/disks,/operate/azure/disks
/deployment/azure/dns,/operate/azure/dns
/deployment/azure/email,/operate/azure/email
/deployment/azure/helm,/operate/azure/helm
/deployment/azure/pat,/operate/azure/pat
/deployment/azure/setup,/operate/azure/setup
/deployment/azure/setup/powershell,/operate/azure/powershell
/deployment/azure/setup/walkthrough,/operate/azure/walkthrough
/deployment/cluedin-saas,/operate/deployment-options/cluedin-saas
/deployment/delete-cluedin-instance,/operate/deployment-options/delete-cluedin-instance
/deployment/infra-how-tos/advanced-network,/operate/configuration/advanced-network
/deployment/infra-how-tos/ama-backup,/archive/historical-operations/backup-and-restore-draft
/deployment/infra-how-tos/ama-upgrade,/operate/upgrade/ama-upgrade
/deployment/infra-how-tos/configure-alerts,/operate/configuration/configure-alerts
/deployment/infra-how-tos/configure-certificates,/operate/configuration/configure-certificates
/deployment/infra-how-tos/configure-dns,/operate/configuration/configure-dns
/deployment/infra-how-tos/configure-email,/operate/configuration/configure-email
/deployment/infra-how-tos/configure-firewall,/operate/configuration/configure-firewall
/deployment/infra-how-tos/configure-logging,/operate/configuration/configure-logging
/deployment/infra-how-tos/configure-sso,/operate/configuration/configure-sso
/deployment/infra-how-tos/connect-to-cluedin,/operate/configuration/connect-to-cluedin
/deployment/kubernetes/persistence,/operate/configuration/persistence
/deployment/kubernetes/sql,/operate/configuration/sql
/deployment/local,/operate/deployment-options/local
/deployment/local/local-upgrade,/operate/local/local-upgrade
/deployment/local/step-1,/operate/local/step-1
/deployment/local/step-2,/operate/local/step-2
/deployment/local/step-3,/operate/local/step-3
/deployment/marketplace-licensing-agent,/operate/deployment-options/marketplace-licensing-agent
/deployment/pricing,/operate/deployment-options/pricing
/deployment/saas,/operate/deployment-options/saas
/deployment/saas/installation-guide,/operate/azure-marketplace/installation-guide
/deployment/saas/requirements,/operate/azure-marketplace/requirements
/developer/agent-jobs,/archive/legacy-development/agent-jobs
/developer/clue-preview-image,/archive/legacy-development/clue-preview-image
/developer/common-problems,/archive/legacy-development/common-problems
/developer/extending-pipelines,/archive/legacy-development/extending-pipelines
/developer/idatapartprocessor,/archive/legacy-development/idatapartprocessor
/developer/ientitypypeprocessor,/archive/legacy-development/ientitypypeprocessor
/developer/ignoring-changes,/archive/legacy-development/ignoring-changes
/developer/imergepreprocessor,/archive/legacy-development/imergepreprocessor
/developer/iprocessingfilter,/archive/legacy-development/iprocessingfilter
/developer/parent-aggregation,/archive/legacy-development/parent-aggregation
/developer/preprocessor,/archive/legacy-development/preprocessor
/developer/processedentitymetadata,/archive/legacy-development/processedentitymetadata
/developer/processing-pipeline,/archive/legacy-development/processing-pipeline
/developer/rules,/archive/legacy-development/rules
/developer/thumbnail-extractors,/archive/legacy-development/thumbnail-extractors
/developer/webhooks,/archive/legacy-development/webhooks
/developer/workflow-event-handlers,/archive/legacy-development/workflow-event-handlers
/development,/develop
/development/adding-datastore-provider,/archive/legacy-development/adding-datastore-provider
/development/administration-operations,/archive/legacy-development/administration-operations
/development/building-logging-provider,/archive/legacy-development/building-logging-provider
/development/change-verbs,/archive/legacy-development/change-verbs
/development/changing-configuration-settings,/archive/legacy-development/changing-configuration-settings
/development/clue,/archive/legacy-development/clue
/development/commands,/archive/legacy-development/commands
/development/common-design-decisions,/archive/legacy-development/common-design-decisions
/development/content-extractors,/archive/legacy-development/content-extractors
/development/core-vocabularies,/archive/legacy-development/core-vocabularies
/development/data-part,/archive/legacy-development/data-part
/development/datastores,/archive/legacy-development/datastores
/development/deploying-search-provider,/archive/legacy-development/deploying-search-provider
/development/downloading-file-indexing-content,/archive/legacy-development/downloading-file-indexing-content
/development/dynamic-vocabularies,/archive/legacy-development/dynamic-vocabularies
/development/edge-types,/archive/legacy-development/edge-types
/development/entity,/archive/legacy-development/entity
/development/events,/archive/legacy-development/events
/development/external-search-providers,/archive/legacy-development/external-search-providers
/development/infrastructure-user-entity,/archive/legacy-development/infrastructure-user-entity
/development/modelling,/archive/legacy-development/modelling
/development/one-time-jobs,/archive/legacy-development/one-time-jobs
/development/organization-user-entity,/archive/legacy-development/organization-user-entity
/development/organization-vocabulary,/archive/legacy-development/organization-vocabulary
/development/person-entity-type,/archive/legacy-development/person-entity-type
/development/person-vocabulary,/archive/legacy-development/person-vocabulary
/development/recurring-time-jobs,/archive/legacy-development/recurring-time-jobs
/development/scheduled-time-jobs,/archive/legacy-development/scheduled-time-jobs
/development/switching-datastore-provider,/archive/legacy-development/switching-datastore-provider
/development/validate-server-health,/archive/legacy-development/validate-server-health
/development/vocabulary-groupings,/archive/legacy-development/vocabulary-groupings
/development/vocabulary-values,/archive/legacy-development/vocabulary-values
/engine-room,/operate/monitoring/engine-room
/engine-room/processing-pipeline,/operate/monitoring/processing-pipeline
/erp-migration,/solutions/use-cases/erp-migration
/get-cluedin,/get-started/get-cluedin
/getting-access,/get-started/getting-access
/getting-started,/get-started/quickstart
/getting-started/data-deduplication,/master/deduplication/tutorial-deduplicate-data
/getting-started/data-ingestion,/ingest/tutorial-ingest-data
/getting-started/data-streaming,/publish/streams/tutorial-stream-data
/getting-started/glossary,/govern/work-with-glossary
/getting-started/hierarchy-builder,/model/hierarchies/tutorial-create-hierarchies
/getting-started/manual-data-cleaning,/govern/cleaning/tutorial-clean-data
/getting-started/relations,/model/relationships/tutorial-add-relations
/getting-started/rule-builder,/govern/rules/tutorial-create-rules
/golden-records/delete-data-parts-from-golden-records,/master/golden-records/delete-data-parts-from-golden-records
/golden-records/delete-golden-records,/master/golden-records/delete-golden-records
/governance,/govern
/governance/access-control,/archive/unsupported-features/access-control
/governance/consent-management,/archive/unsupported-features/consent-management
/governance/data-breaches,/archive/unsupported-features/data-breaches
/governance/data-catalog,/archive/unsupported-features/data-catalog
/governance/data-glossary,/archive/unsupported-features/data-glossary
/governance/data-policies,/archive/unsupported-features/data-policies
/governance/data-privacy,/archive/unsupported-features/data-privacy
/governance/data-retention,/archive/unsupported-features/data-retention
/governance/mesh-api,/archive/unsupported-features/mesh-api
/governance/subject-access-request,/archive/unsupported-features/subject-access-request
/governance/tag-monitoring,/govern/tags/tag-monitoring
/householding,/solutions/use-cases/householding
/integration,/ingest
/integration/additional-operations-on-records,/ingest
/integration/additional-operations-on-records/advanced-mapping-code,/ingest/mapping/advanced-mapping-code
/integration/additional-operations-on-records/approval,/ingest/processing/approval
/integration/additional-operations-on-records/logs,/ingest/troubleshooting/logs
/integration/additional-operations-on-records/monitoring,/ingest/troubleshooting/monitoring
/integration/additional-operations-on-records/preprocess-rules,/ingest/mapping/preprocess-rules
/integration/additional-operations-on-records/preview,/ingest/processing/preview
/integration/additional-operations-on-records/property-rules,/ingest/mapping/property-rules
/integration/additional-operations-on-records/quarantine,/ingest/troubleshooting/quarantine
/integration/additional-operations-on-records/remove-records,/ingest/processing/remove-records
/integration/additional-operations-on-records/validations,/ingest/processing/validations
/integration/build-integration,/develop/integrations/build-integration
/integration/crawlers-and-enrichers,/ingest/connectors
/integration/crawling,/ingest/connectors/crawling
/integration/create-mapping,/ingest/mapping/create-mapping
/integration/data sources,/ingest/data-sources
/integration/database,/ingest/data-sources/database
/integration/define-data-to-ingest,/ingest/data-sources/define-data-to-ingest
/integration/delts-crawls,/develop/integrations/delts-crawls
/integration/endpoint,/ingest/data-sources/endpoint
/integration/file,/ingest/data-sources/file
/integration/install-integrations,/ingest/connectors/install-integrations
/integration/introduction,/ingest/connectors/about-integrations
/integration/manual-data-entry,/ingest/manual-data-entry
/integration/manual-data-entry/add-records-in-a-manual-data-entry-project,/ingest/manual-data-entry/add-records-in-a-manual-data-entry-project
/integration/manual-data-entry/configure-a-manual-data-entry-project,/ingest/manual-data-entry/configure-a-manual-data-entry-project
/integration/manual-data-entry/manage-a-manual-data-entry-project,/ingest/manual-data-entry/manage-a-manual-data-entry-project
/integration/process-data,/ingest/processing/process-data
/integration/review-mapping,/ingest/mapping/review-mapping
/integration/robust-ntegrations,/develop/integrations/robust-ntegrations
/kb,/troubleshooting
/kb/14-days-live,/playbooks/go-live-in-14-days
/kb/azure-customer-usage-attribution,/operate/security/azure-customer-usage-attribution
/kb/basic-auth-cluedin-clean,/operate/security/basic-auth-cluedin-clean
/kb/best-practices-for-matching-and-merging,/master/deduplication/best-practices-for-matching-and-merging
/kb/better-matches,/master/deduplication/better-matches
/kb/cel,/govern/rules/cel
/kb/cluedin-ai,/playbooks/implement-cluedin-with-ai
/kb/cluedin-data-engineers,/learning-paths/role-handbooks/cluedin-data-engineers
/kb/cluedin-data-governance-manager,/learning-paths/role-handbooks/cluedin-data-governance-manager
/kb/cluedin-data-modellers,/learning-paths/role-handbooks/cluedin-data-modellers
/kb/cluedin-for-administrators,/learning-paths/role-handbooks/cluedin-for-administrators
/kb/cluedin-for-data-stewards,/learning-paths/role-handbooks/cluedin-for-data-stewards
/kb/cluedin-for-developers,/learning-paths/role-handbooks/cluedin-for-developers
/kb/cluedin-solution-architects,/learning-paths/role-handbooks/cluedin-solution-architects
/kb/cluedin-system-integrators,/learning-paths/role-handbooks/cluedin-system-integrators
/kb/config-migrate,/operate/configuration/sync-configuration-between-environments
/kb/connect-lots-of-systems,/ingest/patterns/connect-lots-of-systems
/kb/connect-to-fivetran,/ingest/patterns/connect-to-fivetran
/kb/connect-to-slack,/publish/integration-patterns/connect-to-slack
/kb/cost-efficience,/operate/cost-and-scaling/cost-efficience
/kb/dbt-to-cluedin,/ingest/patterns/dbt-to-cluedin
/kb/defender-for-cloud-recommendations,/operate/security/defender-for-cloud-recommendations
/kb/disaster-recovery-plan,/operate/backup-and-restore/disaster-recovery-plan
/kb/elastic-index-rebuild,/troubleshooting/elastic-index-rebuild
/kb/env-management-playbook,/operate/operations/env-management-playbook
/kb/faq,/get-started/faq
/kb/how-to-build-an-organizational-hierarchy,/model/hierarchies/how-to-build-an-organizational-hierarchy
/kb/how-to-fix-address-data,/govern/cleaning/how-to-fix-address-data
/kb/how-to-match-reference-data,/model/data-catalog/match-reference-data
/kb/how-to-rollback-or-undo,/master/golden-records/how-to-rollback-or-undo
/kb/how-to-standardize-dates,/govern/cleaning/how-to-standardize-dates
/kb/how-to-tag-records-with-data-quality-issues,/govern/tags/how-to-tag-records-with-data-quality-issues
/kb/how-to-use-tags-with-golden-records-and-data-parts,/govern/tags/use-tags-with-rules
/kb/how-to-write-rules-cross-domain,/govern/rules/rules-across-business-domains
/kb/ingress-nginx-controller,/operate/security/ingress-nginx-controller
/kb/log4j,/operate/security/log4j
/kb/platform-versioning,/release-notes/platform-versioning
/kb/product-toolkit-issues,/troubleshooting/product-toolkit-issues
/kb/rules-not-working,/troubleshooting/rules-not-working
/kb/rules-slow,/troubleshooting/rules-slow
/kb/set-retention,/govern/set-retention
/kb/slow,/troubleshooting/slow
/kb/snowflake-to-cluedin,/ingest/patterns/snowflake-to-cluedin
/kb/sso-auth-cluedin-clean,/operate/security/sso-auth-cluedin-clean
/kb/stop-cluster,/operate/cost-and-scaling/stop-cluster
/kb/supported-characters,/model/data-catalog/supported-characters
/kb/sync-aks-to-akv,/operate/configuration/sync-aks-to-akv
/kb/unable-to-delete,/troubleshooting/unable-to-delete
/kb/writing-back-to-operational-systems,/publish/integration-patterns/writing-back-to-operational-systems
/key-terms-and-features,/get-started/core-concepts
/key-terms-and-features/billable-records,/get-started/core-concepts/billable-records
/key-terms-and-features/clue-reference,/get-started/core-concepts/clue-reference
/key-terms-and-features/connectors,/get-started/core-concepts/connectors
/key-terms-and-features/data-life-cycle,/get-started/core-concepts/data-life-cycle
/key-terms-and-features/edges,/model/relationships/edges
/key-terms-and-features/entity-codes,/model/identifiers
/key-terms-and-features/entity-type,/model/business-domains/business-domains-explained
/key-terms-and-features/eventual-connectivity,/get-started/core-concepts/eventual-connectivity
/key-terms-and-features/filters,/master/filters
/key-terms-and-features/golden-records,/get-started/core-concepts/golden-records
/key-terms-and-features/golden-records/explain-log,/master/golden-records/explain-log
/key-terms-and-features/golden-records/golden-record-relations,/master/golden-records/golden-record-relations
/key-terms-and-features/golden-records/history,/master/golden-records/history
/key-terms-and-features/origin,/get-started/core-concepts/origin
/key-terms-and-features/search,/master/search
/key-terms-and-features/vocabularies,/model/vocabularies/vocabularies-explained
/learning-paths/data-architect-course,/learning-paths/data-architect
/learning-paths/data-architect-course/ai-assisted-rule-design,/learning-paths/data-architect/ai-assisted-rule-design
/learning-paths/data-architect-course/capstone-architecture-review,/learning-paths/data-architect/capstone-architecture-review
/learning-paths/data-architect-course/course-purpose-and-environment-strategy,/learning-paths/data-architect/course-purpose-and-environment-strategy
/learning-paths/data-architect-course/export-targets-and-destination-setup,/learning-paths/data-architect/export-targets-and-destination-setup
/learning-paths/data-architect-course/identifiers-review-mapping-and-relations,/learning-paths/data-architect/identifiers-review-mapping-and-relations
/learning-paths/data-architect-course/ingestion-design-and-mapping-strategy,/learning-paths/data-architect/ingestion-design-and-mapping-strategy
/learning-paths/data-architect-course/initial-rules-and-processing-logic,/learning-paths/data-architect/initial-rules-and-processing-logic
/learning-paths/data-architect-course/matching-projects-and-steward-handoff,/learning-paths/data-architect/matching-projects-and-steward-handoff
/learning-paths/data-architect-course/platform-model-business-domains-vocabularies-and-golden-records,/learning-paths/data-architect/platform-model-business-domains-vocabularies-and-golden-records
/learning-paths/data-architect-course/release-discipline-across-environments,/learning-paths/data-architect/release-discipline-across-environments
/learning-paths/data-architect-course/search-record-anatomy-and-diagnostics,/learning-paths/data-architect/search-record-anatomy-and-diagnostics
/learning-paths/data-architect-course/streams-and-downstream-contracts,/learning-paths/data-architect/streams-and-downstream-contracts
/learning-paths/data-steward-course,/learning-paths/data-steward
/learning-paths/data-steward-course/ai-assisted-stewardship,/learning-paths/data-steward/ai-assisted-stewardship
/learning-paths/data-steward-course/capstone-operating-loop,/learning-paths/data-steward/capstone-operating-loop
/learning-paths/data-steward-course/clean-projects-and-remediation,/learning-paths/data-steward/clean-projects-and-remediation
/learning-paths/data-steward-course/course-purpose-and-setup,/learning-paths/data-steward/course-purpose-and-setup
/learning-paths/data-steward-course/deduplication-and-conflict-resolution,/learning-paths/data-steward/deduplication-and-conflict-resolution
/learning-paths/data-steward-course/glossary-tags-and-governance,/learning-paths/data-steward/glossary-tags-and-governance
/learning-paths/data-steward-course/ingestion-mapping-and-processing-for-stewards,/learning-paths/data-steward/ingestion-mapping-and-processing-for-stewards
/learning-paths/data-steward-course/instance-tour-and-golden-record-mindset,/learning-paths/data-steward/instance-tour-and-golden-record-mindset
/learning-paths/data-steward-course/search-filters-and-record-inspection,/learning-paths/data-steward/search-filters-and-record-inspection
/learning-paths/data-steward-course/streams-downstream-impact-and-handoffs,/learning-paths/data-steward/streams-downstream-impact-and-handoffs
/learning-paths/data-steward-course/validations-and-mapping-checkpoints,/learning-paths/data-steward/validations-and-mapping-checkpoints
/management,/govern
/management/access-control,/administer/access-control
/management/access-control/access-control-reference,/administer/access-control/access-control-reference
/management/access-control/create-access-control-policy,/administer/access-control/create-access-control-policy
/management/access-control/manage-access-control-policies,/administer/access-control/manage-access-control-policies
/management/ai-agents,/govern/ai-agents
/management/ai-agents/ai-agents-faqs,/govern/ai-agents/ai-agents-faqs
/management/ai-agents/built-in-ai-agents,/govern/ai-agents/built-in-ai-agents
/management/ai-agents/create-configure-and-run-an-ai-agent,/govern/ai-agents/create-configure-and-run-an-ai-agent
/management/ai-agents/prerequisites-to-using-ai-agents,/govern/ai-agents/prerequisites-to-using-ai-agents
/management/ai-agents/review-the-results-returned-by-an-ai-agent,/govern/ai-agents/review-the-results-returned-by-an-ai-agent
/management/ai-agents/view-and-revert-changes-made-by-ai-agent,/govern/ai-agents/view-and-revert-changes-made-by-ai-agent
/management/data-catalog,/model/data-catalog
/management/data-catalog/data-types,/model/data-catalog/data-types
/management/data-catalog/lookup-data-type,/model/data-catalog/lookup-data-type
/management/data-catalog/manage-vocabulary-keys,/model/vocabularies/manage-vocabulary-keys
/management/data-catalog/modeling-approaches,/model/data-catalog/modeling-approaches
/management/data-catalog/search-data-catalog,/model/data-catalog/search-data-catalog
/management/data-catalog/vocabulary,/model/vocabularies/manage-vocabularies
/management/data-catalog/vocabulary-keys,/model/vocabularies/vocabulary-keys
/management/deduplication,/master/deduplication
/management/deduplication/concept-of-deduplication,/master/deduplication/concept-of-deduplication
/management/deduplication/create-a-deduplication-project,/master/deduplication/create-a-deduplication-project
/management/deduplication/deduplication-in-practice,/master/deduplication/deduplication-in-practice
/management/deduplication/deduplication-reference,/master/deduplication/deduplication-reference
/management/deduplication/manage-a-deduplication-project,/master/deduplication/manage-a-deduplication-project
/management/deduplication/manage-groups-of-duplicates,/master/deduplication/manage-groups-of-duplicates
/management/entity-type,/model/business-domains/manage-business-domains
/management/hierarchy-builder,/model/hierarchies
/management/hierarchy-builder/concept-of-hierarchy,/model/hierarchies/concept-of-hierarchy
/management/hierarchy-builder/create-a-hierarchy,/model/hierarchies/create-a-hierarchy
/management/hierarchy-builder/manage-hierarchies,/model/hierarchies/manage-hierarchies
/management/hierarchy-builder/work-in-a-hierarchy-project,/model/hierarchies/work-in-a-hierarchy-project
/management/modelling,/archive/unsupported-features/modelling
/management/rules,/govern/rules
/management/rules/best-practices-for-rules,/govern/rules/best-practices-for-rules
/management/rules/create-rule,/govern/rules/create-rule
/management/rules/manage-rules,/govern/rules/manage-rules
/management/rules/power-fx-formulas,/govern/rules/power-fx-formulas
/management/rules/rule-types,/govern/rules/rule-types
/management/rules/rules-reference,/govern/rules/rules-reference
/microsoft-integration,/solutions
/microsoft-integration/adf-integration,/solutions/azure-data-factory
/microsoft-integration/adf-integration/copy-data,/solutions/azure-data-factory/copy-data
/microsoft-integration/adf-integration/data-flow-activity,/solutions/azure-data-factory/data-flow-activity
/microsoft-integration/adf-integration/private-link,/solutions/azure-data-factory/private-link
/microsoft-integration/copilot-integration,/solutions/copilot
/microsoft-integration/copilot-integration/get-access-to-copilot,/solutions/copilot/get-access-to-copilot
/microsoft-integration/copilot-integration/work-with-copilot,/solutions/copilot/work-with-copilot
/microsoft-integration/event-hub-integration,/solutions/event-hub-integration
/microsoft-integration/excel-add-in,/solutions/excel-add-in
/microsoft-integration/fabric,/solutions/fabric
/microsoft-integration/fabric/connect-cluedin-to-fabric,/solutions/fabric/connect-cluedin-to-fabric
/microsoft-integration/fabric/connect-fabric-to-cluedin,/solutions/fabric/connect-fabric-to-cluedin
/microsoft-integration/fabric/use-cluedin-fabric-workload,/solutions/fabric/use-cluedin-fabric-workload
/microsoft-integration/fabric/use-cluedin-rules-in-fabric,/solutions/fabric/use-cluedin-rules-in-fabric
/microsoft-integration/mds-integration,/solutions/master-data-services
/microsoft-integration/mds-integration/azure-relay,/solutions/master-data-services/azure-relay
/microsoft-integration/mds-integration/direct-connection,/solutions/master-data-services/direct-connection
/microsoft-integration/open-ai-integration,/solutions/open-ai-integration
/microsoft-integration/power-automate,/solutions/power-automate
/microsoft-integration/power-automate/configuration-guide,/solutions/power-automate/configuration-guide
/microsoft-integration/power-automate/post-configuration-guide,/solutions/power-automate/post-configuration-guide
/microsoft-integration/power-automate/pre-configuration-guide,/solutions/power-automate/pre-configuration-guide
/microsoft-integration/power-automate/private-network,/solutions/power-automate/private-network
/microsoft-integration/powerapps,/solutions/power-apps
/microsoft-integration/powerapps/configuration-guide,/solutions/power-apps/configuration-guide
/microsoft-integration/powerapps/external-features,/solutions/power-apps/external-features
/microsoft-integration/powerapps/features,/solutions/power-apps/features
/microsoft-integration/powerapps/features/create-batch-approval-workflow,/solutions/power-apps/create-batch-approval-workflow
/microsoft-integration/powerapps/features/create-streams,/solutions/power-apps/create-streams
/microsoft-integration/powerapps/features/create-workflow,/solutions/power-apps/create-workflow
/microsoft-integration/powerapps/features/sync-dataverse,/solutions/power-apps/sync-dataverse
/microsoft-integration/powerapps/features/sync-entitytypes,/solutions/power-apps/sync-entitytypes
/microsoft-integration/powerapps/pre-configuration-guide,/solutions/power-apps/pre-configuration-guide
/microsoft-integration/powerapps/setup-connections,/solutions/power-apps/setup-connections
/microsoft-integration/powerapps/setup-credentials,/solutions/power-apps/setup-credentials
/microsoft-integration/purview,/solutions/purview
/microsoft-integration/purview/configuration-guide,/solutions/purview/configuration-guide
/microsoft-integration/purview/data-factory-pipeline-automation,/solutions/purview/data-factory-pipeline-automation
/microsoft-integration/purview/data-factory-pipeline-run-schedule,/solutions/purview/data-factory-pipeline-run-schedule
/microsoft-integration/purview/introduction,/solutions/purview/features
/microsoft-integration/purview/pre-configuration-guide,/solutions/purview/pre-configuration-guide
/microsoft-integration/purview/setup,/solutions/purview/setup
/microsoft-integration/purview/sync-clean-projects-to-purview,/solutions/purview/sync-clean-projects-to-purview
/microsoft-integration/purview/sync-data-products,/solutions/purview/sync-data-products
/microsoft-integration/purview/sync-data-sources,/solutions/purview/sync-data-sources
/microsoft-integration/purview/sync-deduplication-projects-to-purview,/solutions/purview/sync-deduplication-projects-to-purview
/microsoft-integration/purview/sync-manual-data-entry-to-purview,/solutions/purview/sync-manual-data-entry-to-purview
/microsoft-integration/purview/sync-processing-rules-to-purview,/solutions/purview/sync-processing-rules-to-purview
/microsoft-integration/purview/sync-purview-glossaries-to-cluedin-glossaries,/solutions/purview/sync-purview-glossaries-to-cluedin-glossaries
/microsoft-integration/purview/sync-purview-glossaries-to-cluedin-vocabularies,/solutions/purview/sync-purview-glossaries-to-cluedin-vocabularies
/microsoft-integration/purview/sync-streams-to-purview,/solutions/purview/sync-streams-to-purview
/paas-operations,/operate
/paas-operations/automation/backup-runbook,/operate/backup-and-restore/backup-runbook
/paas-operations/automation/copy-snapshots-runbook,/operate/backup-and-restore/copy-snapshots-runbook
/paas-operations/automation/disaster-recovery-runbook,/operate/backup-and-restore/disaster-recovery-runbook
/paas-operations/automation/disaster-recovery-runbook-failover-database,/operate/backup-and-restore/disaster-recovery-runbook-failover-database
/paas-operations/automation/legacy/disaster-recovery-runbook,/archive/historical-operations/disaster-recovery-runbook-pre-2025-09
/paas-operations/automation/restore-runbook,/operate/backup-and-restore/restore-runbook
/paas-operations/automation/traffic-manager-runbook,/operate/backup-and-restore/traffic-manager-runbook
/paas-operations/azure-mssql-migration,/operate/operations/azure-mssql-migration
/paas-operations/common-questions,/operate/operations/common-questions
/paas-operations/config/dedicated-stream-processing-pod,/operate/configuration/dedicated-stream-processing-pod
/paas-operations/config/modify-response-headers,/operate/configuration/modify-response-headers
/paas-operations/configuration,/operate/configuration
/paas-operations/cost-reduction,/operate/cost-and-scaling/cost-reduction
/paas-operations/private-endpoint,/operate/configuration/private-endpoint
/paas-operations/queues-in-cluedin,/operate/queues-in-cluedin
/paas-operations/reset-tool,/operate/operations/reset-tool
/paas-operations/review-logs-in-log-analytics-workspace,/operate/monitoring/review-logs-in-log-analytics-workspace
/paas-operations/security-inventory,/operate/security/security-inventory
/paas-operations/support-scope,/operate/operations/support-scope
/paas-operations/upgrade,/operate/upgrade
/paas-operations/upgrade/2024-01,/operate/upgrade/2024-01
/paas-operations/upgrade/2024-03,/operate/upgrade/2024-03
/paas-operations/upgrade/2024-04,/operate/upgrade/2024-04
/paas-operations/upgrade/2024-07,/operate/upgrade/2024-07
/paas-operations/upgrade/2024-07-01,/operate/upgrade/2024-07-01
/paas-operations/upgrade/2024-07-02,/operate/upgrade/2024-07-02
/paas-operations/upgrade/2024-07-03,/operate/upgrade/2024-07-03
/paas-operations/upgrade/2024-12,/operate/upgrade/2024-12
/paas-operations/upgrade/2024-12-01,/operate/upgrade/2024-12-01
/paas-operations/upgrade/2024-12-02,/operate/upgrade/2024-12-02
/paas-operations/upgrade/2025-05-00,/operate/upgrade/2025-05-00
/paas-operations/upgrade/2025-05-01,/operate/upgrade/2025-05-01
/paas-operations/upgrade/2025-05-02,/operate/upgrade/2025-05-02
/paas-operations/upgrade/2025-09-00,/operate/upgrade/2025-09-00
/paas-operations/upgrade/2026-01-00,/operate/upgrade/2026-01-00
/paas-operations/upgrade/2026-01-00-support,/operate/upgrade/2026-01-00-support
/paas-operations/upgrade/2026-02-00,/operate/upgrade/2026-02-00
/paas-operations/upgrade/aks,/operate/upgrade/aks
/paas-operations/upgrade/guide,/operate/upgrade/guide
/paas-operations/upgrade/guide/common-upgrade-operations,/operate/upgrade/common-upgrade-operations
/paas-operations/upgrade/guide/perform-the-upgrade,/operate/upgrade/perform-the-upgrade
/paas-operations/upgrade/guide/plan-the-upgrade,/operate/upgrade/plan-the-upgrade
/paas-operations/upgrade/guide/prepare-for-the-upgrade,/operate/upgrade/prepare-for-the-upgrade
/paas-operations/upgrade/guide/required-tools,/operate/upgrade/required-tools
/paas-operations/upgrade/guide/resolve-common-upgrade-issues,/operate/upgrade/resolve-common-upgrade-issues
/playbooks/before-you-start,/playbooks/project-delivery/before-you-start
/playbooks/clued-vs-client-raci-example,/playbooks/project-delivery/raci-example
/playbooks/data-engineering-playbook,/playbooks/data-engineering
/playbooks/data-engineering-playbook/automation,/develop/python-sdk/automation
/playbooks/data-engineering-playbook/cluedin-in-your-data-architecture,/playbooks/data-engineering/cluedin-in-your-data-architecture
/playbooks/data-engineering-playbook/customization-in-cluedin,/playbooks/data-engineering/customization-in-cluedin
/playbooks/data-engineering-playbook/export,/develop/python-sdk/export
/playbooks/data-engineering-playbook/extending-cluedin-with-microsoft-integrations,/playbooks/data-engineering/extending-cluedin-with-microsoft-integrations
/playbooks/data-engineering-playbook/ingestion,/develop/python-sdk/ingestion
/playbooks/data-engineering-playbook/magic,/develop/python-sdk/magic
/playbooks/data-engineering-playbook/python-sdk,/develop/python-sdk/python-sdk
/playbooks/data-engineering-playbook/search,/develop/python-sdk/search
/playbooks/data-export-playbook,/playbooks/data-export-playbook
/playbooks/data-ingestion-playbook,/playbooks/data-ingestion
/playbooks/data-ingestion-playbook/concept-of-mapping,/playbooks/data-ingestion/plan-the-mapping
/playbooks/data-ingestion-playbook/data-impact-workshop,/playbooks/data-ingestion/data-impact-workshop
/playbooks/data-ingestion-playbook/ingest-data,/playbooks/data-ingestion/plan-the-ingestion
/playbooks/data-ingestion-playbook/pick-the-right-tool,/playbooks/data-ingestion/pick-the-right-tool
/playbooks/data-ingestion-playbook/process-data,/playbooks/data-ingestion/plan-the-processing
/playbooks/data-transformation-playbook,/playbooks/data-transformation-playbook
/playbooks/how-to-approach-your-cluedin-project,/playbooks/project-delivery/how-to-approach-your-cluedin-project
/playbooks/mds-to-cluedin/01-why-and-how,/solutions/use-cases/mds-to-cluedin-1
/playbooks/mds-to-cluedin/02-adoption-and-mindset,/solutions/use-cases/mds-to-cluedin-2
/playbooks/mds-to-cluedin/03-faq-mapping,/solutions/use-cases/mds-to-cluedin-3
/playbooks/prepare-for-your-cluedin-project,/playbooks/project-delivery/prepare-for-your-cluedin-project
/playbooks/release-to-production-playbook,/playbooks/project-delivery/release-to-production-playbook
/playbooks/resources-for-data-steward,/playbooks/resources-for-data-steward
/playbooks/start-your-cluedin-project,/playbooks/project-delivery/start-your-cluedin-project
/playbooks/start-your-it-journey,/playbooks/project-delivery/start-your-it-journey
/playbooks/writing-back-to-target-datasources,/publish/integration-patterns/write-back-event-hub-dataverse
/preparation,/govern
/preparation/aggregation,/archive/unsupported-features/aggregation
/preparation/clean,/govern/cleaning
/preparation/clean/clean-application-reference,/govern/cleaning/clean-application-reference
/preparation/clean/clean-reference,/govern/cleaning/clean-reference
/preparation/clean/create-clean-project,/govern/cleaning/create-clean-project
/preparation/clean/manage-clean-project,/govern/cleaning/manage-clean-project
/preparation/clean/processing-logic-in-clean-projects,/govern/cleaning/processing-logic-in-clean-projects
/preparation/cluedin-connect,/archive/unsupported-features/cluedin-connect
/preparation/data-quality-metrics,/archive/unsupported-features/data-quality-metrics
/preparation/data-quality-metrics/data-quality-metric-explanations,/archive/unsupported-features/data-quality-metric-explanations
/preparation/data-quality-metrics/how-to-add-a-data-quality-metric,/archive/unsupported-features/how-to-add-a-data-quality-metric
/preparation/data-quality-metrics/most-used-data-quality-metrics,/archive/unsupported-features/most-used-data-quality-metrics
/preparation/enricher,/govern/enrichment
/preparation/enricher/add-enricher,/govern/enrichment/add-enricher
/preparation/enricher/artificial-intelligence,/govern/enrichment/artificial-intelligence
/preparation/enricher/brreg,/govern/enrichment/brreg
/preparation/enricher/build-custom-enricher,/develop/build-custom-enricher
/preparation/enricher/bvd,/govern/enrichment/bvd
/preparation/enricher/clearbit,/govern/enrichment/clearbit
/preparation/enricher/companies-house,/govern/enrichment/companies-house
/preparation/enricher/concept-of-enricher,/govern/enrichment/concept-of-enricher
/preparation/enricher/cvr,/govern/enrichment/cvr
/preparation/enricher/duckduckgo,/govern/enrichment/duckduckgo
/preparation/enricher/enricher-reference,/govern/enrichment/enricher-reference
/preparation/enricher/gleif,/govern/enrichment/gleif
/preparation/enricher/google-images,/govern/enrichment/google-images
/preparation/enricher/google-maps,/govern/enrichment/google-maps
/preparation/enricher/knowledge-graph,/govern/enrichment/knowledge-graph
/preparation/enricher/libpostal,/govern/enrichment/libpostal
/preparation/enricher/open-corporates,/govern/enrichment/open-corporates
/preparation/enricher/perm-id,/govern/enrichment/perm-id
/preparation/enricher/rest-api,/govern/enrichment/rest-api
/preparation/enricher/vatlayer,/govern/enrichment/vatlayer
/preparation/enricher/web,/govern/enrichment/web
/preparation/entity-setup,/administer/ui-configuration/business-domain-page-layout
/preparation/entity-type-translation,/administer/ui-configuration/business-domain-translation
/product360,/solutions/use-cases/product360
/quick-feature-tour,/get-started/quick-feature-tour
/reference-data-management,/solutions/use-cases/reference-data-management
/regulatory-compliance,/solutions/use-cases/regulatory-compliance
/release-notes,/release-notes
/release-notes/2024-12,/release-notes/2024-12
/release-notes/2025-05,/release-notes/2025-05
/release-notes/2025-09,/release-notes/2025-09
/release-notes/2026-01,/release-notes/2026-01
/release-notes/2026-02,/release-notes/2026-02
/release-notes/terminology-changes,/release-notes/terminology-changes
/rest-api,/api
/rest-api/api-reference,/api
/rest-api/api-reference/access-control-and-governance,/api/access-control-and-governance
/rest-api/api-reference/administration-and-configuration,/api/administration-and-configuration
/rest-api/api-reference/ai,/api/ai
/rest-api/api-reference/data-preparation-and-enrichment,/api/data-preparation-and-enrichment
/rest-api/api-reference/deduplication,/api/deduplication
/rest-api/api-reference/entities,/api/entities
/rest-api/api-reference/glossary,/api/glossary
/rest-api/api-reference/hierarchies,/api/hierarchies
/rest-api/api-reference/organization,/api/organization
/rest-api/api-reference/rules-and-evaluation,/api/rules-and-evaluation
/rest-api/api-reference/search,/api/search
/rest-api/api-reference/streams-and-export,/api/streams-and-export
/rest-api/api-reference/vocabularies,/api/vocabularies
/rest-api/get-started,/api/get-started
/supplier360,/solutions/use-cases/supplier360
/tag,/tag
/terms-of-service,/terms-of-service
/training,/learning-paths
/training/ai,/learning-paths/ai
/training/ai/ai-agents,/learning-paths/ai/ai-agents
/training/ai/ai-agents/deduplicating-data,/learning-paths/ai/deduplicating-data
/training/ai/ai-agents/fixing-data-quality-issuese,/learning-paths/ai/fixing-data-quality-issues
/training/ai/ai-agents/suggesting-data-quality-rules,/learning-paths/ai/suggesting-data-quality-rules
/training/ai/ai-enricher,/learning-paths/ai/ai-enricher
/training/ai/ai-enricher/demo,/learning-paths/ai/ai-enricher-demo
/training/ai/copilot,/learning-paths/ai/copilot
/training/ai/copilot/demo,/learning-paths/ai/copilot-demo
/training/fundamentals,/learning-paths/fundamentals
/training/fundamentals/building-a-single-customer-view,/learning-paths/fundamentals/building-a-single-customer-view
/training/fundamentals/identifying-and-labelling-incorrect-data,/learning-paths/fundamentals/identifying-and-labelling-incorrect-data
/training/fundamentals/ingesting-csv-file,/learning-paths/fundamentals/ingesting-csv-file
/training/fundamentals/ingesting-database-table,/learning-paths/fundamentals/ingesting-database-table
/training/fundamentals/ingestion,/learning-paths/fundamentals/ingestion
/usecases,/solutions/use-cases
/usecases-summary,/solutions/use-cases
/user-interface,/archive/legacy-user-interface
/user-interface/adding-search-filters,/archive/legacy-user-interface/adding-search-filters
/user-interface/all-properties,/archive/legacy-user-interface/all-properties
/user-interface/entity-page,/archive/legacy-user-interface/entity-page
/user-interface/followed-entitie,/archive/legacy-user-interface/followed-entitie
/user-interface/history,/archive/legacy-user-interface/history
/user-interface/keep-in-the-loop,/archive/legacy-user-interface/keep-in-the-loop
/user-interface/pending-changes,/archive/legacy-user-interface/pending-changes
/user-interface/searching-for-data,/archive/legacy-user-interface/searching-for-data
/user-interface/suggested-searches,/archive/legacy-user-interface/suggested-searches
/workflow,/govern/workflows
/workflow/concept-of-approvals,/govern/workflows/concept-of-approvals
/workflow/create-and-manage-workflows,/govern/workflows/create-and-manage-workflows
/workflow/manage-approval-requests,/govern/workflows/manage-approval-requests
/workflow/prerequisites,/govern/workflows/prerequisites
